{
  "dataset_path": "/Users/Angie/Desktop/CIS5190_Project/data/raw/url_with_headlines.csv",
  "num_examples": 3805,
  "train_examples": 3044,
  "val_examples": 761,
  "best_val_accuracy": 0.735873850197109,
  "classification_report": {
    "FoxNews": {
      "precision": 0.720620842572062,
      "recall": 0.8125,
      "f1-score": 0.763807285546416,
      "support": 400.0
    },
    "NBC": {
      "precision": 0.7580645161290323,
      "recall": 0.6509695290858726,
      "f1-score": 0.7004470938897168,
      "support": 361.0
    },
    "accuracy": 0.735873850197109,
    "macro avg": {
      "precision": 0.7393426793505471,
      "recall": 0.7317347645429363,
      "f1-score": 0.7321271897180663,
      "support": 761.0
    },
    "weighted avg": {
      "precision": 0.7383832159676814,
      "recall": 0.735873850197109,
      "f1-score": 0.7337507425923182,
      "support": 761.0
    }
  }
}
