{
  "dataset_path": "/Users/Angie/Desktop/CIS5190_Project/data/raw/url_with_headlines.csv",
  "num_examples": 3805,
  "label_counts": {
    "FoxNews": 2000,
    "NBC": 1805
  },
  "validation_split": {
    "test_size": 0.2,
    "random_state": 42,
    "train_examples": 3044,
    "val_examples": 761
  },
  "model": {
    "features": "TF-IDF word unigrams/bigrams plus character 3-5 n-grams",
    "word_max_features": 10000,
    "char_max_features": 15000,
    "total_features": 25000,
    "classifier": "LogisticRegression exported to PyTorch Linear",
    "C": 2.0,
    "class_weight": "balanced"
  },
  "validation_accuracy": 0.812089356110381,
  "classification_report": {
    "FoxNews": {
      "precision": 0.7927107061503417,
      "recall": 0.87,
      "f1-score": 0.8295589988081049,
      "support": 400.0
    },
    "NBC": {
      "precision": 0.8385093167701864,
      "recall": 0.7479224376731302,
      "f1-score": 0.7906295754026355,
      "support": 361.0
    },
    "accuracy": 0.812089356110381,
    "macro avg": {
      "precision": 0.815610011460264,
      "recall": 0.8089612188365651,
      "f1-score": 0.8100942871053702,
      "support": 761.0
    },
    "weighted avg": {
      "precision": 0.8144364596769698,
      "recall": 0.812089356110381,
      "f1-score": 0.8110918216078757,
      "support": 761.0
    }
  },
  "confusion_matrix_labels": [
    "FoxNews",
    "NBC"
  ],
  "confusion_matrix": [
    [
      348,
      52
    ],
    [
      91,
      270
    ]
  ]
}