{
  "dataset_path": "/Users/Angie/Desktop/CIS5190_Project/data/raw/url_with_headlines.csv",
  "dataset": {
    "input_examples": 3805,
    "used_examples": 3799,
    "blank_examples": 4,
    "dropped_blank_examples": 4,
    "conflicting_duplicate_examples": 0,
    "duplicate_headline_examples": 2,
    "dropped_duplicate_headline_examples": 2,
    "label_counts": {
      "FoxNews": 2000,
      "NBC": 1799
    },
    "text_mode": "headline"
  },
  "validation_dataset_path": null,
  "validation_dataset": null,
  "selection_metric": "threshold_accuracy",
  "best_model": {
    "default_accuracy": 0.8299552513819426,
    "threshold_accuracy": 0.8315346143722032,
    "default_macro_f1": 0.8290063649675397,
    "threshold_macro_f1": 0.830842520241625,
    "default_weighted_f1": 0.8296803090286526,
    "threshold_weighted_f1": 0.8314149931644489,
    "roc_auc": 0.9049285714285714,
    "threshold": -0.022318083920666025,
    "classification_report": {
      "FoxNews": {
        "precision": 0.8330068560235063,
        "recall": 0.8505,
        "f1-score": 0.8416625432953984,
        "support": 2000.0
      },
      "NBC": {
        "precision": 0.829823562891292,
        "recall": 0.8104502501389661,
        "f1-score": 0.8200224971878515,
        "support": 1799.0
      },
      "accuracy": 0.8315346143722032,
      "macro avg": {
        "precision": 0.8314152094573992,
        "recall": 0.8304751250694831,
        "f1-score": 0.830842520241625,
        "support": 3799.0
      },
      "weighted avg": {
        "precision": 0.831499421344682,
        "recall": 0.8315346143722032,
        "f1-score": 0.8314149931644489,
        "support": 3799.0
      }
    },
    "confusion_matrix_labels": [
      "FoxNews",
      "NBC"
    ],
    "confusion_matrix": [
      [
        1701,
        299
      ],
      [
        341,
        1458
      ]
    ],
    "ensemble_name": "svc_035_040_045",
    "validation_protocol": "stratified_cv",
    "feature_config": {
      "word_max_features": 30000,
      "char_max_features": 50000,
      "word_ngram_range": [
        1,
        3
      ],
      "char_ngram_range": [
        3,
        5
      ],
      "min_df": 1,
      "sublinear_tf": true
    },
    "classifier_configs": [
      {
        "kind": "linearsvc",
        "c": 0.35,
        "class_weight": "balanced"
      },
      {
        "kind": "linearsvc",
        "c": 0.4,
        "class_weight": "balanced"
      },
      {
        "kind": "linearsvc",
        "c": 0.45,
        "class_weight": "balanced"
      }
    ]
  },
  "final_export": {
    "num_features": 80000,
    "threshold_exported_as_bias_shift": -0.022318083920666025,
    "weights_path": "/Users/Angie/Desktop/CIS5190_Project/artifacts/model.pt",
    "model_path": "/Users/Angie/Desktop/CIS5190_Project/submission/model.py",
    "preprocess_path": "/Users/Angie/Desktop/CIS5190_Project/submission/preprocess.py"
  },
  "all_results": [
    {
      "default_accuracy": 0.8299552513819426,
      "threshold_accuracy": 0.8315346143722032,
      "default_macro_f1": 0.8290063649675397,
      "threshold_macro_f1": 0.830842520241625,
      "default_weighted_f1": 0.8296803090286526,
      "threshold_weighted_f1": 0.8314149931644489,
      "roc_auc": 0.9049285714285714,
      "threshold": -0.022318083920666025,
      "classification_report": {
        "FoxNews": {
          "precision": 0.8330068560235063,
          "recall": 0.8505,
          "f1-score": 0.8416625432953984,
          "support": 2000.0
        },
        "NBC": {
          "precision": 0.829823562891292,
          "recall": 0.8104502501389661,
          "f1-score": 0.8200224971878515,
          "support": 1799.0
        },
        "accuracy": 0.8315346143722032,
        "macro avg": {
          "precision": 0.8314152094573992,
          "recall": 0.8304751250694831,
          "f1-score": 0.830842520241625,
          "support": 3799.0
        },
        "weighted avg": {
          "precision": 0.831499421344682,
          "recall": 0.8315346143722032,
          "f1-score": 0.8314149931644489,
          "support": 3799.0
        }
      },
      "confusion_matrix_labels": [
        "FoxNews",
        "NBC"
      ],
      "confusion_matrix": [
        [
          1701,
          299
        ],
        [
          341,
          1458
        ]
      ],
      "ensemble_name": "svc_035_040_045",
      "validation_protocol": "stratified_cv",
      "feature_config": {
        "word_max_features": 30000,
        "char_max_features": 50000,
        "word_ngram_range": [
          1,
          3
        ],
        "char_ngram_range": [
          3,
          5
        ],
        "min_df": 1,
        "sublinear_tf": true
      },
      "classifier_configs": [
        {
          "kind": "linearsvc",
          "c": 0.35,
          "class_weight": "balanced"
        },
        {
          "kind": "linearsvc",
          "c": 0.4,
          "class_weight": "balanced"
        },
        {
          "kind": "linearsvc",
          "c": 0.45,
          "class_weight": "balanced"
        }
      ]
    },
    {
      "default_accuracy": 0.830218478546986,
      "threshold_accuracy": 0.8312713872071598,
      "default_macro_f1": 0.8292643159420683,
      "threshold_macro_f1": 0.8307241647895192,
      "default_weighted_f1": 0.8299396211659713,
      "threshold_weighted_f1": 0.8312333856503792,
      "roc_auc": 0.9051787103946637,
      "threshold": -0.03589251941051093,
      "classification_report": {
        "FoxNews": {
          "precision": 0.8372208436724565,
          "recall": 0.8435,
          "f1-score": 0.840348692403487,
          "support": 2000.0
        },
        "NBC": {
          "precision": 0.8245515695067265,
          "recall": 0.8176764869371873,
          "f1-score": 0.8210996371755512,
          "support": 1799.0
        },
        "accuracy": 0.8312713872071598,
        "macro avg": {
          "precision": 0.8308862065895914,
          "recall": 0.8305882434685936,
          "f1-score": 0.8307241647895192,
          "support": 3799.0
        },
        "weighted avg": {
          "precision": 0.8312213637503327,
          "recall": 0.8312713872071598,
          "f1-score": 0.8312333856503792,
          "support": 3799.0
        }
      },
      "confusion_matrix_labels": [
        "FoxNews",
        "NBC"
      ],
      "confusion_matrix": [
        [
          1687,
          313
        ],
        [
          328,
          1471
        ]
      ],
      "ensemble_name": "svc_035_040_045_050_060_075",
      "validation_protocol": "stratified_cv",
      "feature_config": {
        "word_max_features": 30000,
        "char_max_features": 50000,
        "word_ngram_range": [
          1,
          3
        ],
        "char_ngram_range": [
          3,
          5
        ],
        "min_df": 1,
        "sublinear_tf": true
      },
      "classifier_configs": [
        {
          "kind": "linearsvc",
          "c": 0.35,
          "class_weight": "balanced"
        },
        {
          "kind": "linearsvc",
          "c": 0.4,
          "class_weight": "balanced"
        },
        {
          "kind": "linearsvc",
          "c": 0.45,
          "class_weight": "balanced"
        },
        {
          "kind": "linearsvc",
          "c": 0.5,
          "class_weight": "balanced"
        },
        {
          "kind": "linearsvc",
          "c": 0.6,
          "class_weight": "balanced"
        },
        {
          "kind": "linearsvc",
          "c": 0.75,
          "class_weight": "balanced"
        }
      ]
    },
    {
      "default_accuracy": 0.8304817057120295,
      "threshold_accuracy": 0.8312713872071598,
      "default_macro_f1": 0.8295222635413293,
      "threshold_macro_f1": 0.8304401062691635,
      "default_weighted_f1": 0.8301989227564547,
      "threshold_weighted_f1": 0.8310682546471231,
      "roc_auc": 0.9051075597554197,
      "threshold": -0.01020316059364826,